{
  "|-10,64,-36|20|1": {
    "val": "{\"type\": \"collect\", \"blockType\": \"stone\", \"count\": 1}",
    "ts": 1771715064.3438222,
    "created_at": 1771715064.3438222
  },
  "|-47,70,-98|20|1": {
    "val": "{\"type\": \"collect\", \"blockType\": \"grass_block\", \"count\": 3}",
    "ts": 1771716136.5258634,
    "created_at": 1771716136.5258634
  },
  "|-47,69,-100|20|1": {
    "val": "{\"type\": \"collect\", \"blockType\": \"oak_log\", \"count\": 8}",
    "ts": 1771716146.7670345,
    "created_at": 1771716146.7670345
  },
  "|-39,71,-106|20|1": {
    "val": "{\"type\": \"craft\", \"itemName\": \"crafting_table\"}",
    "ts": 1771716185.5580692,
    "created_at": 1771716179.5436606
  },
  "|-38,69,-103|20|8": {
    "val": "{\"type\": \"collect\", \"blockType\": \"item\", \"radius\": 6}",
    "ts": 1771716391.7504056,
    "created_at": 1771716391.7504056
  },
  "自由发育|-38,69,-103|20|8": {
    "val": "{\"type\": \"collect\", \"blockType\": \"item\", \"radius\": 6}",
    "ts": 1771716400.3929503,
    "created_at": 1771716394.3791206
  }
}